URL,Titre_Article,KeyWords,Print_Date,Author_name,Author_givenName,Periodic_title
http://data.persee.fr/doc/bmsap_0037-8984_1981_num_8_1_3810#Web,Méthode d'étude des déformations rachidiennes en paléopathologie,Middle Age. ; Moyen Age.,1981,MAFART,Bertrand-Yves,"Bulletins et Mémoires de la Société d'anthropologie de Paris, XIII° Série. Tome 8 fascicule 1, 1981. [online]"
http://data.persee.fr/doc/bagf_0004-5322_1981_num_58_481_5282#Web,Les fondements physiques de la géographie régionale : réflexions à partir du cas des Pays de la Loire (Geohistory of western France),histoire médiévale,1981,GRAS,Jacques,"Bulletin de l'Association de géographes français, N°481-482, 58e année, Octobre-décembre 1981. [online]"
http://data.persee.fr/doc/bmsap_0037-8984_1982_num_9_1_9748#Web,Les découvertes archéologiques de la région parisienne étudiées d'un point de vue anthropologique,Middle-Age,1982,AUBOIRE,Guy,"Bulletins et Mémoires de la Société d'anthropologie de Paris, XIII° Série. Tome 9 fascicule 1, 1982. [online]"
http://data.persee.fr/doc/bmsap_0037-8984_1982_num_9_1_9747#Web,"Études en cours sur les populations anciennes du Nord de la France, du Néolithique à l'époque médiévale",médiéval.,1982,BLONDIAUX ; KURZAWSKI ; MARQUET,Joël ; N. ; V.,"Bulletins et Mémoires de la Société d'anthropologie de Paris, XIII° Série. Tome 9 fascicule 1, 1982. [online]"
http://data.persee.fr/doc/bmsap_0037-8984_1984_num_1_1_3925#Web,Nouvelles données sur la paléoanthropologie des populations normandes,Medieval period ; Période médiévale,1984,ALDUC-LE BAGOUSSE,Armelle,"Bulletins et Mémoires de la Société d'anthropologie de Paris, XIV° Série. Tome 1 fascicule 1, 1984. [online]"
http://data.persee.fr/doc/dam_0184-1068_1984_num_7_1_946#Web,Stratigraphie du Marduel (Saint-Bonnet-du-Gard). II - Les niveaux du Vème s. ap. J. -C. sur le chantier central.,Early Middle Ages ; Haut Moyen-Age,1984,RAYNAUD,Claude,"Documents d'Archéologie Méridionale, vol. 7, 1984. [online]"
http://data.persee.fr/doc/racf_0220-6617_1984_num_23_2_2411#Web,Le travail du textile en Région Centre de l'Age du Fer au Haut Moyen-Age. / Textile working in the « Région Centre » from the Iron Age to the early Middle Ages,Early Middle Ages ; Haut Moyen-Age,1984,FERDIÈRE,Alain,"Revue archéologique du Centre de la France, tome 23, fascicule 2, 1984. [online]"
http://data.persee.fr/doc/rgpso_0035-3221_1984_num_55_3_4611#Web,Divisions géographiques de la France indiquées par une analyse des moulins en 1809,Moyen Age,1984,RIVALS,Claude,"Revue géographique des Pyrénées et du Sud-Ouest, tome 55, fascicule 3, 1984. [online]"
http://data.persee.fr/doc/bagf_0004-5322_1984_num_61_499_5436#Web,"L'homme et le milieu en Pouille, au début du Moyen Age (Man and his environment in Apulia, at the beginning of the middle-ages)",Italie du Sud (Moyen Age),1984,MARTIN,Jean-Marie,"Bulletin de l'Association de géographes français, N°499, 61e année, janvier 1984. [online]"
http://data.persee.fr/doc/racf_0220-6617_1984_num_23_1_2402#Web,L'église Saint-Lubin de Châteaudun (Eure-et-Loir) / The church of Saint-Lubin at Châteaudun,Medieval burial ; Sépultures médiévales,1984,ROBREAU,Bernard,"Revue archéologique du Centre de la France, tome 23, fascicule 1, 1984. [online]"
http://data.persee.fr/doc/bmsap_0037-8984_1984_num_1_4_3946#Web,Description et interprétation d'une calotte crânienne déformée du gisement de la Charité-sur-Loire (Nièvre),« Nivernais » Middle-Age.,1984,AUDOIN ; PEREIRA DA SILVA ; RENIMEL ; RICART-GUERRERO,Frédérique ; Miya Awazu ; N. ; Serge,"Bulletins et Mémoires de la Société d'anthropologie de Paris, XIV° Série. Tome 1 fascicule 4, 1984. [online]"
http://data.persee.fr/doc/rao_0767-709x_1985_num_2_1_881#Web,Les pendeloques de la crypte de Lanmeur (Finistère),haut Moyen-Age,1985,GUIGON,Philippe,"Revue archéologique de l'ouest, tome 2, 1985. [online]"
http://data.persee.fr/doc/rao_0767-709x_1985_num_2_1_874#Web,"Le tesson d'amphore B2 de l'Ile Lavret (Bréhat, Côtes-du-Nord) et le problème des importations",Haut Moyen-Age,1985,GIOT ; QUERRÉ,Guirec ; Pierre-Roland,"Revue archéologique de l'ouest, tome 2, 1985. [online]"
http://data.persee.fr/doc/racf_0220-6617_1985_num_24_2_2444#Web,"Beaulieu, site d'habitat du Moyen-Age au XXe siècle (Pensol, Haute-Vienne) / Beaulieu, a settlement site from the middle-age till the 20 th century (Pensol, Haute-Vienne)",Middle-Age ; Moyen-Age,1985,CONTE ; GAUTHIER,François ; Patrice,"Revue archéologique du Centre de la France, tome 24, fascicule 2, 1985. [online]"
http://data.persee.fr/doc/racf_0220-6617_1985_num_24_2_2449#Web,L'habillement de la sépulture mérovingienne de Perrusson (Indre-et-Loire) / Clothing of the merovingian grave of Perrusson (Indre-et-Loire),"Habillement, Haut Moyen-Age.",1985,MOTTEAU,James,"Revue archéologique du Centre de la France, tome 24, fascicule 2, 1985. [online]"
http://data.persee.fr/doc/rao_0767-709x_1985_num_2_1_875#Web,Les nécropoles à sarcophages des Pays de la Loire,Early Middle Ages ; Haut Moyen-Age,1985,BERNARD ; PRIGENT,Daniel ; Émile,"Revue archéologique de l'ouest, tome 2, 1985. [online]"
http://data.persee.fr/doc/rao_0767-709x_1986_num_3_1_886#Web,"Etude palynologique d'un sondage dans le marais de la Harelle, Heurteauville (Seine-Maritime)",Early Middle-Ages,1986,HUAULT,Marie-Francoise,"Revue archéologique de l'ouest, tome 3, 1986. [online]"
http://data.persee.fr/doc/rgest_0035-3213_1986_num_26_3_1604#Web,Les marais de Dol à la fin du XIIe siècle : essai de géographie rétrospective,colonisation médiévale,1986,FLATRÈS,Pierre,"Revue Géographique de l'Est. Tome 26, N°3-4, année 1986. Géographie rétrospective des espaces ruraux. [online]"
http://data.persee.fr/doc/rao_0767-709x_1986_num_3_1_1148#Web,La Bajoulière en St-Rémy-la-Varenne (Maine-et-Loire). Fouille et restauration d'un grand Dolmen Angevin,Haut Moyen-Age,1986,GRUET ; PASSINI,Bernard ; Michel,"Revue archéologique de l'ouest, tome 3, 1986. [online]"
http://data.persee.fr/doc/arsci_0399-1237_1986_num_10_1_1220#Web,Apports de la prospection géophysique à l'étude d'un ensemble de structures de surface liées à une cavité médiévale aménagée,habitat médiéval ; medieval dwelling,1986,CONTE ; GAUTHIER,François ; Patrice,"Revue d'Archéométrie, n°10, 1986. [online]"
http://data.persee.fr/doc/rao_0767-709x_1987_num_4_1_910#Web,Un gravoir médiéval au Faubourg de l'Evière d'Angers (Maine-et-Loire),Fin du Moyen-Age ; Late middle age,1987,COMTE ; GABORIT-CHOPIN,Danielle ; François,"Revue archéologique de l'ouest, tome 4, 1987. [online]"
http://data.persee.fr/doc/rao_0767-709x_1987_num_4_1_909#Web,Nécropoles et sarcophages du Haut Moyen Age en Bretagne,haut Moyen Age,1987,BARDEL ; BATT ; GUIGON,Jean-Pierre ; Michael ; Philippe,"Revue archéologique de l'ouest, tome 4, 1987. [online]"
http://data.persee.fr/doc/racf_0220-6617_1987_num_26_1_2508#Web,"Le site gallo-romain et médiéval de Glatigny (Mer, Loir-et-Cher) / The gallo-roman and medieval site of Glatigny (Mer, Loir-et-Loir)",Middle Ages,1987,GENTY ; GIRAULT ; MOIREAU,Fabrice ; Jean-Louis ; Pierre,"Revue archéologique du Centre de la France, tome 26, fascicule 1, 1987. [online]"
http://data.persee.fr/doc/racf_0220-6617_1988_num_27_1_2548#Web,Premières études dendrochronologiques dans le centre de la France par le laboratoire de chrono-écologie de Besançon,Medieval ; Moyen Age,1988,LAMBERT ; LAVIER,Catherine ; Georges-Noël,"Revue archéologique du Centre de la France, tome 27, fascicule 1, 1988. [online]"
http://data.persee.fr/doc/rao_0767-709x_1988_num_5_1_925#Web,L'habitat du Haut Moyen-Age de Creac'h Gwen à Quimper (Finistère),early medieval ; haut moyen-âge,1988,BARDEL ; BATT ; MENEZ,Jean-Pierre ; Michael ; Yves,"Revue archéologique de l'ouest, tome 5, 1988. [online]"
http://data.persee.fr/doc/racf_0220-6617_1988_num_27_1_2546#Web,Les montagnes d'Auvergne avant la vie pastorale actuelle. Villages désertés et paysage fossile de la commune de Collandres (Cantal). / Mountains of Auvergne before rural life : deserted villages and fossilized landscape in Collandres (Cantal),"Landscape, Medieval villages.",1988,SIMON-COSTE,M.-C.,"Revue archéologique du Centre de la France, tome 27, fascicule 1, 1988. [online]"
http://data.persee.fr/doc/rao_0767-709x_1990_num_7_1_956#Web,Les instruments à vent en terre cuite du XVIIIe siècle trouvés au Mont Saint-Michel (Manche),archéologie post-médiévale ; post-medieval archeology,1990,JIGAN,Claude,"Revue archéologique de l'ouest, tome 7, 1990. [online]"
http://data.persee.fr/doc/racf_0220-6617_1990_num_29_1_2611#Web,Découverte d'un sarcophage paléochrétien et de sépultures médiévales en sarcophage à Arpajon-sur-Cère (Cantal),haut Moyen Age,1990,SAUGET ; SCHERDING ; USSE,Annie ; Christiane ; Jean-Michel ; Jean-Philippe ; Michel,"Revue archéologique du Centre de la France, tome 29, fascicule 1, 1990. [online]"
http://data.persee.fr/doc/dam_0184-1068_1991_num_14_1_1034#Web,La grotte I de Castelvielh à Sainte-Anastasie (Gard),Middle Ages ; Moyen Age,1991,DEDET ; PENE,Bernard ; Jean-Michel,"Documents d'Archéologie Méridionale, vol. 14, 1991. Le sanctuaire protohistorique de Roquepertuse. [online]"
http://data.persee.fr/doc/racf_0220-6617_1991_num_30_1_2651#Web,Apport de la micromorphologie à l'étude archéologique du village médiéval de Saint-Victor-de-Massiac (Cantal) . / Application of micromorphology to the archaeological study of the medieval village at Saint-Victor-de-Massiac (Cantal),Medieval Archaeology ; archéologie médiévale,1991,BERTRAN ; RAYNAL,Jean-Paul ; Pascal,"Revue archéologique du Centre de la France, tome 30, 1991. [online]"
http://data.persee.fr/doc/rao_0767-709x_1991_num_8_1_1142#Web,Proposition d'une méthode d'étude archéologique des carrières souterraines en Normandie,Middle Ages ; Moyen-Age,1991,DUJARDIN,Laurent,"Revue archéologique de l'ouest, tome 8, 1991. [online]"
http://data.persee.fr/doc/rao_0767-709x_1991_num_8_1_1143#Web,Les carrières médiévales du quartier Saint-Gilles de Caen. Etude archéologique de deux exploitations de pierre à bâtir en souterrain,"Moyen-Age ; Underground quarry, stone, Middle Ages",1991,DUJARDIN ; LEGEMBRE ; LENROUILLY ; MARIN,Dominique ; Jean-François ; Jean-Yves ; Laurent,"Revue archéologique de l'ouest, tome 8, 1991. [online]"
http://data.persee.fr/doc/dam_0184-1068_1992_num_15_1_1075#Web,Peuplement et histoire de l'environnement sur les îles d'Hyères (Var),Middle Ages ; Moyen Age,1992,BORRÉANI ; CHABAL ; LIPPMANN-PROVANSAL ; MATHIEU ; MICHEL ; PASQUALINI,Jean-Marie ; Laurent ; Lucie ; Marc ; Michel ; Mireille,"Documents d'Archéologie Méridionale, vol. 15, 1992. Espaces et monuments publics protohistoriques de Gaule méridionale. [online]"
http://data.persee.fr/doc/rgpso_0035-3221_1992_num_63_1_3279#Web,Aménagements hydrauliques en Roussillon du IXe au XVe siècle,Moyen Age.,1992,CAUCANAS,Sylvie,"Revue géographique des Pyrénées et du Sud-Ouest, tome 63, fascicule 1, 1992. Risques à l'Est des Pyrénées. [online]"
http://data.persee.fr/doc/rao_0767-709x_1992_num_9_1_986#Web,Les thermes d'Entrammes (Mayenne),Early Middle-Ages ; Haut Moyen Age,1992,NAVEAU,Jacques,"Revue archéologique de l'ouest, tome 9, 1992. [online]"
http://data.persee.fr/doc/rao_0767-709x_1992_num_9_1_987#Web,"La verrerie gallo-romaine tardive et mérovingienne (IVe-VIIe siècle) du Musée de Normandie, Caen (Calvados)",Early Middle Ages ; haut Moyen-Age,1992,BERTHELOT,Sandrine,"Revue archéologique de l'ouest, tome 9, 1992. [online]"
http://data.persee.fr/doc/arsci_0399-1237_1992_num_16_1_895#Web,De l'origine du cobalt dans les verres,Middle-Ages ; Moyen-Âge,1992,BARRANDON ; FOY ; GRATUZE ; SOULIER,Bernard ; Danièle ; Isabelle ; Jean-Noël,"Revue d'Archéométrie, n°16, 1992. [online]"
http://data.persee.fr/doc/sracf_1159-7151_1993_act_6_1_947#Web,"Les nécropoles des Clavelles et de Saint-Martin (Alpes-de-Haute-Provence). Ier-VIIe siècles de notre ère. [The cemeteries of Les Clavelles and Saint-Martin (Alpes-de-Haute-Provence), 1st-7th centuries A.D. ]",Early Middle Ages ; Haut Moyen Age,1993,BOIRON,Roger,"Monde des morts, monde des vivants en Gaule rurale, Actes du Colloque ARCHEA/AGER (Orléans, 7-9 février 1992) Tours : Fédération pour l'édition de la Revue archéologique du Centre de la France, 1993. 456 p. (Supplément à la Revue archéologique du centre de la France, 6) [online]"
http://data.persee.fr/doc/racf_0220-6617_1993_num_32_1_2694#Web,Deux silos médiévaux à Suèvres (Loir-et-Cher) / Two medieval grain storage pits at Suèvres (Loir-et-Cher),Middle-Ages ; Moyen-Age,1993,MOIREAU,Fabrice,"Revue archéologique du Centre de la France, tome 32, 1993. [online]"
http://data.persee.fr/doc/rao_0767-709x_1994_num_11_1_1019#Web,Le remembrement : ses apports à l'inventaire archéologique d'une commune. L'exemple de Chauve (Loire Atlantique),Paleolithic to Middle Age sites,1994,TESSIER,Michel,"Revue archéologique de l'ouest, tome 11, 1994. [online]"
http://data.persee.fr/doc/spira_0994-3722_1994_num_13_1_1892#Web,Profession médicale et savoir alchimique : luttes et enjeux du Moyen Age au XVIIe siècle,middle age ; moyen âge,1994,JOLY,Bernard,"Spirale. Revue de recherches en éducation, n°13, 1994. L’université et les savoirs professionnels, sous la direction de Raymond Bourdoncle. [online]"
http://data.persee.fr/doc/bmsap_0037-8984_1994_num_6_1_2385#Web,"Dynamique de la croissance du crâne. L'exemple de la population médiévale de Ducove (Slovaquie). Application a l'échantillon fossile de Predmostí (paléolithique supérieur, République tchèque)",Middle Age,1994,BRUZEK ; CHARLET ; JURICIC ; TILLIER,Anne-Marie ; Jaroslav ; Jean-Paul ; Michel,"Bulletins et Mémoires de la Société d'anthropologie de Paris, Nouvelle Série. Tome 6 fascicule 1-2, 1994. [online]"
http://data.persee.fr/doc/racf_0220-6617_1994_num_33_1_2711#Web,La nécropole du haut Moyen-Âge de La Mouline à Saint-Firmin-des-Prés (Loir-et-Cher) / The early medieval cemetery of la Mouline  at Saint Firmin-des-Prés (Loir-et-Cher),Early Medieval period ; Haut Moyen-Âge,1994,BURNELL ; LORANS ; THEUREAU,Christian ; Elisabeth ; Simon,"Revue archéologique du Centre de la France, tome 33, 1994. [online]"
http://data.persee.fr/doc/arsci_0399-1237_1995_num_19_1_926#Web,Convergence de la typologie de céramiques et de trois méthodes chronométriques pour la datation d'un four de potier à Lezoux (Puy-de-Dôme),Early Middle Ages. ; Haut-Moyen-Âge.,1995,BUCUR ; EVIN ; LANOS ; MENNESSIER-JOUANNET ; MIALLIER,Christine ; Didier ; Iléana ; Jacques ; Philippe,"Revue d'Archéométrie, n°19, 1995. [online]"
http://data.persee.fr/doc/spira_0994-3722_1995_num_16_1_1692#Web,Anthologies et savoirs scolaires : le cas exemplaire de Chrétien de Troyes,littérature médiévale. ; medieval literature.,1995,GEMENNE,Louis,"Spirale. Revue de recherches en éducation, n°16, 1995. Les savoirs scolaires (3) sous la direction de Dominique-Guy Brassart. [online]"
http://data.persee.fr/doc/arcme_0153-9337_1995_num_25_1_869#Web,Quelques réflexions sur les résidences des princes territoriaux dans les anciens Pays-Bas méridionaux,Moyen Âge ; archéologie médiévale,1995,DE MEULEMEESTER,Johnny,"Archéologie médiévale, tome 25, 1995. [online]"
http://data.persee.fr/doc/arcme_0153-9337_1995_num_25_1_866#Web,Objets de parure en pâte de verre et en ambre de la fin du IIIe au VIIe siècle en Basse-Normandie,Haut Moyen Âge,1995,BERTHELOT,Sandrine,"Archéologie médiévale, tome 25, 1995. [online]"
http://data.persee.fr/doc/bmsap_0037-8984_1995_num_7_1_2407#Web,"Les crânes déformés de Saint-Étienne (Beaune, Côte d'Or, Ve-VIe siècles). Données archéologiques et anthropologiques",early Middle Age ; haut Moyen Âge,1995,BAR ; CASTEX ; DEPIERRE ; MAUREILLE,Bruno ; Dominique ; Germaine,"Bulletins et Mémoires de la Société d'anthropologie de Paris, Nouvelle Série. Tome 7 fascicule 1-2, 1995. [online]"
http://data.persee.fr/doc/racf_0220-6617_1995_num_34_1_2728#Web,"La fouille de l'ancien centre paroissial de Rigny (commune de Rigny-Ussé, Indre-et-Loire) — Deuxième rapport préliminaire (1992-1994) / Excavation of the former parish cemetery at Rigny (commune of Rigny-Ussé, Indre-et-Loire) - Second interim report (1992-1994)",Middle Ages ; Moyen-Âge,1995,GALINIÉ ; ZADORA-RIO,Elisabeth ; Henri,"Revue archéologique du Centre de la France, tome 34, 1995. [online]"
http://data.persee.fr/doc/arcme_0153-9337_1995_num_25_1_871#Web,Le site de Saint-Sébastien-de-Maroiol (Hérault) et l'histoire de la proche campagne du monastère d'Aniane (V-XIIIe siècles),haut Moyen Âge,1995,PAYA ; SCHNEIDER,Didier ; Laurent,"Archéologie médiévale, tome 25, 1995. [online]"
http://data.persee.fr/doc/antaf_0066-4871_1995_num_31_1_1240#Web,Remploi de monnaies romaines à l'époque ziride.  [Analyse d'échantillons d'un trésor découvert à la Qal'a des Banu Hammâd (Algérie)],Medieval utilization ; remploi médiéval,1995,BRISSAUD ; FRONTIER ; JEHANNO ; LAILY,C. ; Isabelle ; J.-P. ; P.A.,"Antiquités africaines, 31,1995. [online]"
http://data.persee.fr/doc/bmsap_0037-8984_1996_num_8_1_2425#Web,"Mortalité infantile et enfantine et causes de mortalité. L'exemple de la nécropole médiévale d'Ivry-Parmentier 2 (Val-De-Marne, France)",Middle Ages ; Moyen-Âge,1996,HADJOUIS,Djillali,"Bulletins et Mémoires de la Société d'anthropologie de Paris, Nouvelle Série. Tome 8 fascicule 1-2, 1996. [online]"
http://data.persee.fr/doc/arcme_0153-9337_1996_num_26_1_883#Web,"Le folium des enlumineurs, une couleur aujourd'hui disparue. Ce que nous rapportent les textes sur l'origine et la fabrication de cette couleur, son procédé d'emmagasinage sur un morceau d'étoffe et son emploi dans l'enluminure médiévale. Identification de folium dans des peintures du IXe s., du Xe s. et du début du XIe s.",enluminure médiévale ; fachliche Abhandlungen/Traktate des Mittelalters ; medieval illuminations ; mittelalterliche Buch-/Miniaturenmalerei ; technical works from the Middle Ages ; traités techniques du Moyen Âge,1996,GUINEAU,Bernard,"Archéologie médiévale, tome 26, 1996. [online]"
http://data.persee.fr/doc/jatba_0183-5173_1996_num_38_1_3586#Web,"L'abattis contre l'essart, again",Middle Ages,1996,GRENAND,Françoise,"Journal d'agriculture traditionnelle et de botanique appliquée, 38ᵉ année, bulletin n°1,1996. Biodiversité,friches et jachères sous la direction de Bernard Roussel, Claude Sastre et Paul Arnould. [online]"
http://data.persee.fr/doc/rao_0767-709x_1996_num_13_1_1048#Web,Les cercueils de bois médiévaux et modernes en Anjou : Meubles précieux ou simples caisses?,Medieval Period ; Moyen Age,1996,HUNOT,Jean-Yves,"Revue archéologique de l'ouest, tome 13, 1996. [online]"
http://data.persee.fr/doc/arcme_0153-9337_1996_num_26_1_885#Web,Les bâtiments conventuels de l'abbaye de Jumièges (VIIe-XVIIIe siècles),Middle Ages ; Mittelalter ; Moyen Âge,1996,MANOURY,Nathalie,"Archéologie médiévale, tome 26, 1996. [online]"
http://data.persee.fr/doc/arcme_0153-9337_1996_num_26_1_887#Web,Périodisation et essai de détermination des céramiques locales et non locales utilisées à Tours du XIVe au XVIIe s. à partir des fouilles récentes,medieval ; mittelalterlich modern ; médiévale,1996,HUSI,Philippe,"Archéologie médiévale, tome 26, 1996. [online]"
http://data.persee.fr/doc/arcme_0153-9337_1996_num_26_1_886#Web,La céramique grise « cannelée » dans la vallée du Rhin supérieur (XIe-XVIe s.). État de la question,Mittelalter (XI.-XVI. Jh.) geriefelte Graukeramik ; Moyen Âge (XIe-XVIe siècles),1996,HENIGFELD,Yves,"Archéologie médiévale, tome 26, 1996. [online]"
http://data.persee.fr/doc/arcme_0153-9337_1996_num_26_1_882#Web,L'apport des méthodes de la paléo-anthropologie funéraire à l'interprétation des os en situation secondaire dans les nécropoles historiques - Problèmes relatifs au traitement et à l'interprétation des amas d'ossements,Middle Ages ; Mittelalter ; Moyen Age,1996,BLAIZOT,Frédérique,"Archéologie médiévale, tome 26, 1996. [online]"
http://data.persee.fr/doc/dam_0184-1068_1996_num_19_1_1168#Web,"La nécropole de Malausette (Soustelle, Gard) à l'Age du bronze, aux VIe et Ve s. av. J.-C",Middle Ages ; Moyen Age,1996,DEDET ; GAUTHEY,Bernard ; Jacques,"Documents d'Archéologie Méridionale, vol. 19-20, 1996. [online]"
http://data.persee.fr/doc/bmsap_0037-8984_1996_num_8_3_2439#Web,"Du crayon à la souris : Axis, système de gestion documentaire des nécropoles",Middle Age ; Moyen Age,1996,FRIEDEMANN ; STEINER,Lucie ; Pascal,"Bulletins et Mémoires de la Société d'anthropologie de Paris, Nouvelle Série. Tome 8 fascicule 3-4, 1996. [online]"
http://data.persee.fr/doc/hel_0750-8069_1996_num_18_1_2448#Web,The Hebrew linguistic tradition of the Middle Ages,Middle Ages ; Moyen-Age,1996,ZWIEP,Irene E.,"Histoire Épistémologie Langage, tome 18, fascicule 1, 1996. La linguistique de l'hébreu et des langues juives, sous la direction de Jean Baumgarten et Sophie Kessler-Mesguich. [online]"
http://data.persee.fr/doc/bmsap_0037-8984_1996_num_8_3_2461#Web,Proposition pour améliorer l'évaluation de l'âge au décès des adultes à partir de plusieurs indicateurs pris sur le squelette,medieval series. ; séries médiévales.,1996,THEUREAU,Christian,"Bulletins et Mémoires de la Société d'anthropologie de Paris, Nouvelle Série. Tome 8 fascicule 3-4, 1996. [online]"
http://data.persee.fr/doc/bmsap_0037-8984_1996_num_8_3_2457#Web,Exemple d'une gestion de cimetière au Moyen Âge : le cimetière de la basilique de Saint-Denis (Seine-Saint-Denis),Middle Ages ; Moyen Age,1996,GALLIEN ; LANGLOIS,Jean-Yves ; Véronique,"Bulletins et Mémoires de la Société d'anthropologie de Paris, Nouvelle Série. Tome 8 fascicule 3-4, 1996. [online]"
http://data.persee.fr/doc/rhs_0151-4105_1996_num_49_2_1256#Web,Art et nature dans l'alchimie médiévale/Art and nature in medieval alchemy,Alchimie médiévale,1996,OBRIST,Barbara,"Revue d'histoire des sciences, tome 49, n°2-3, 1996. Théorie et pratique dans la construction des savoirs alchimiques. [online]"
http://data.persee.fr/doc/rao_0767-709x_1996_num_13_1_1046#Web,Une occupation médiévale à Neuilly-la-Forêt (Calvados),medieval ; médiéval,1996,MARCIGNY ; PAEZ-REZENDE,Cyril ; Laurent,"Revue archéologique de l'ouest, tome 13, 1996. [online]"
http://data.persee.fr/doc/racf_0220-6617_1997_num_36_1_2767#Web,Le palais de Limeray : Une étude de bâti en Indre-et-Loire / The palace at Limeray: an architectural survey in Indre-et-Loire,Middle Ages. ; Moyen Âge.,1997,SCHEFFER ; SERRE,Marie-Ève ; Sylvie,"Revue archéologique du Centre de la France, tome 36, 1997. [online]"
http://data.persee.fr/doc/racf_0220-6617_1997_num_36_1_2768#Web,"Une maison de ville du bas Moyen Age à Étampes (Essonne), rue de La Roche-Plate / A town-house of the late Middle Ages at Etampes (Essonne), rue de La Roche Plate",Bas Moyen Âge ; Late Middle Ages,1997,CLAUDE ; DUFOUR,Caroline ; Jean-Yves,"Revue archéologique du Centre de la France, tome 36, 1997. [online]"
http://data.persee.fr/doc/rao_0767-709x_1997_num_14_1_1060#Web,Les thermes de la rue Laitière à Baveux (Calvados). Réflexions sur la topographie antique et médiévale d'un quartier de la ville,fosses médiévales ; medieval pits,1997,DELACAMPAGNE,Florence,"Revue archéologique de l'ouest, tome 14, 1997. [online]"
http://data.persee.fr/doc/rao_0767-709x_1997_num_14_1_1062#Web,Organisation et évolution du château d'Aubigné (Ille-et-Vilaine) d'après l'analyse de ses vestiges,Middle Ages ; Moyen-Age,1997,CUCARULL ; LEPRÊTRE,Bernard ; Jérôme,"Revue archéologique de l'ouest, tome 14, 1997. [online]"
http://data.persee.fr/doc/rao_0767-709x_1997_num_14_1_1061#Web,La crypte de Lanmeur (Finistère),haut Moyen Age,1997,GUIGON,Philippe,"Revue archéologique de l'ouest, tome 14, 1997. [online]"
http://data.persee.fr/doc/arcme_0153-9337_1997_num_27_1_899#Web,"Ethnoarchéologie du bois. Étude d'un coffre daté des environs de l'An Mil, découvert sur le site lacustre de Charavines (Isère)",Middle Ages ; Mittelalter ; Moyen Âge,1997,MILLE,Pierre,"Archéologie médiévale, tome 27, 1997. [online]"
http://data.persee.fr/doc/arcme_0153-9337_1997_num_27_1_898#Web,Les fibules ansées symétriques en Normandie,Early Middle Ages ; Frühmittelalter ; Haut Moyen Âge,1997,TRUC,Marie-Cécile,"Archéologie médiévale, tome 27, 1997. [online]"
http://data.persee.fr/doc/palla_0031-0387_1997_num_46_1_1453#Web,L'exploitation du cuivre et de l'argent à Banca (Pyrénées-Atlantiques). Première approche du réseau minier,Middle Ages ; Moyen Age,1997,PARENT,Gilles,"Pallas, 46/1997. Mélanges Claude Domergue 1. [online]"
http://data.persee.fr/doc/clao_0153-3320_1997_num_26_2_1514#Web,唐宋處置式及其來源,Medieval Chinese (Tang-Song) ; chinois médiéval (Tang-Song),1997,WU,Fuxiang,"Cahiers de linguistique - Asie orientale, vol. 26 2, 1997. [online]"
http://data.persee.fr/doc/palla_0031-0387_1997_num_46_1_1452#Web,Fer et pouvoir : la politique sidérurgique des comtes de Foix (XIIIe-XVe siècles),Medieval forge,1997,VERNA,Catherine,"Pallas, 46/1997. Mélanges Claude Domergue 1. [online]"
http://data.persee.fr/doc/palla_0031-0387_1997_num_46_1_1450#Web,Le site minier et métallurgique du Calel à Sorèze (Tarn),Medieval ; Médiéval,1997,CALVET ; MAUDUIT ; ROUZAUD,François ; Jean-Paul ; Éric,"Pallas, 46/1997. Mélanges Claude Domergue 1. [online]"
http://data.persee.fr/doc/clao_0153-3320_1998_num_27_2_1533#Web,介詞 著 的產生,chinois médiéval,1998,MA,Beijia,"Cahiers de linguistique - Asie orientale, vol. 27 2, 1998. [online]"
http://data.persee.fr/doc/racf_0220-6617_1998_num_37_1_2791#Web,Trois édifices médiévaux au cœur du bourg de Saint-Marcel (Indre) / Three mediaeval buildings in the centre of the bourg of Saint-Marcel (Indre),Habitat médiéval ; Medieval Houses,1998,BRYANT,Simon,"Revue archéologique du Centre de la France, tome 37, 1998. [online]"
http://data.persee.fr/doc/arcme_0153-9337_1998_num_28_1_916#Web,"Les ateliers de potiers médiévaux de Fontenay, à Chartres-de-Bretagne (Ille-et-Vilaine) du XIe au XIVe siècle",Middle Ages (llth-14th Centuries) ; Mittelalter (XI.-XIV. Jh) ; Moyen Âge (XIe-XIVe siècle),1998,BEUCHET ; DUFOURNIER ; FICHET DE CLAIRFONTAINE,Daniel ; François ; Laurent,"Archéologie médiévale, tome 28, 1998. [online]"
http://data.persee.fr/doc/karst_0751-7688_1998_num_31_1_2414#Web,"Grottes fortifiées du Sabarthès (Ariège), une architecture castrale originale, XIIe-XIIIe siècles",Middle Ages ; Moyen Age,1998,GUILLOT,Florence,"Karstologia : revue de karstologie et de spéléologie physique, n°31, 1er semestre 1998. Apports de l'endokarst dans la reconstitution morphogénique d'un karst (Antre de Vénus, Vercors) [online]"
http://data.persee.fr/doc/arcme_0153-9337_1998_num_28_1_915#Web,Le site naturel de Strasbourg et ses aménagements hydrographiques de l'Antiquité à l'époque moderne,Early Middle Ages ; Frühmittelalter ; Mittelalter ; Moyen Âge ; haut Moyen Âge,1998,SCHNEIDER ; SCHWIEN,Jean-Jacques ; Nathalie,"Archéologie médiévale, tome 28, 1998. [online]"
http://data.persee.fr/doc/arcme_0153-9337_1998_num_28_1_917#Web,"Nouvelles recherches sur l'hydraulique cistercienne en Bourgogne, Champagne et Franche-Comté",Middle Ages ; Mittelalter ; Moyen Âge,1998,BERTHIER ; ROUILLARD,Joséphine ; Karine,"Archéologie médiévale, tome 28, 1998. [online]"
http://data.persee.fr/doc/rao_0767-709x_1998_num_15_1_1077#Web,"Les occupations anciennes des rives de la Vilaine à Vieuxville-Beaurade (Rennes, Ille-et-Vilaine), de la Préhistoire à la fin du Moyen-Age",Early médiéval ; haut Moyen Age ; post-Medieval ; période post-médiévale,1998,BLANCHET ; LE BOULANGER ; LEROUX,Françoise ; Gilles ; Stéphane,"Revue archéologique de l'ouest, tome 15, 1998. [online]"
http://data.persee.fr/doc/bmsap_0037-8984_1998_num_10_3_2522#Web,"Le crâne «romain» d'Arles : une syphilis frontale et naso-palatine post-colombienne, apport des nouvelles méthodes de datation C14 en paléopathologie",Middle Ages ; Moyen Âge,1998,CANTALOUBE ; GAGNIÈRE ; HOUSLEY ; JOFFRE ; LUMLEY ; MAFART ; MARTIN ; SPITERY,Bertrand-Yves ; Jean-Pierre ; Marie Antoinette de ; Pierre ; Robert ; Sylvain ; Éliane,"Bulletins et Mémoires de la Société d'anthropologie de Paris, Nouvelle Série. Tome 10 fascicule 3-4, 1998. [online]"
http://data.persee.fr/doc/hel_0750-8069_1998_num_20_1_2698#Web,"Éléments de pragmatique dans la grammaire, la logique et la théologie médiévales",Middle-Ages ; Moyen Age,1998,ROSIER-CATACH,Irène,"Histoire Épistémologie Langage, tome 20, fascicule 1, 1998. Les Grammaires Indiennes. [online]"
http://data.persee.fr/doc/medi_0751-2708_1998_num_17_35_1431#Web,Adoption et donation d'enfants en Gévaudan à la fin du Moyen Âge,Middle Ages ; Moyen Âge,1998,MAURICE,Philippe,"Médiévales, n°35, 1998. L'adoption. Droits et pratiques, sous la direction de Didier Lett et Christopher Lucken. [online]"
http://data.persee.fr/doc/arsci_0399-1237_1998_num_22_1_968#Web,"Datation par thermoluminescence d'éléments architecturaux en terre cuite de la  Seo del Salvador , cathédrale de Saragosse (Espagne)",middle age,1998,ARAGUAS ; BECHTEL ; GUIBERT ; NEY ; SCHVOERER,Claude ; Françoise ; Max ; Philippe ; Pierre,"Revue d'Archéométrie, n°22, 1998. [online]"
http://data.persee.fr/doc/medi_0751-2708_1998_num_17_35_1428#Web,Adoptio naturam imitatur : Étendue et portée d'une maxime aristotélicienne dans la pensée juridique médiévale (XIIe-XVe siècles),droit médiéval ; medieval law,1998,ROUMY,Franck,"Médiévales, n°35, 1998. L'adoption. Droits et pratiques, sous la direction de Didier Lett et Christopher Lucken. [online]"
http://data.persee.fr/doc/clao_0153-3320_1998_num_27_2_1534#Web,&lt;六度集經&gt; 中的副詞 都,Medieval Chinese (Wei-Jin period) ; chinois médiéval (dynastie Wei-Jin),1998,CAO ; YU,Guangshun ; Hsiao-jung,"Cahiers de linguistique - Asie orientale, vol. 27 2, 1998. [online]"
http://data.persee.fr/doc/arcme_0153-9337_1998_num_28_1_914#Web,"Mobilier de la fin de l'Antiquité et du haut Moyen Âge, à Toulouse sur le site du « Donjon du Capitole ». Céramiques-Verres-Creusets de verriers",Early Middle Ages ; Frühmittelalter ; haut Moyen Âge,1998,CATALO ; FOY ; LLECH,Danièle ; Jean ; Laurent,"Archéologie médiévale, tome 28, 1998. [online]"
http://data.persee.fr/doc/racf_0220-6617_1999_num_38_1_2821#Web,Un habitat rural du haut Moyen-Âge à Déols (Indre) / A settlement of the early Middle-Age at Déols (Indre),early Middle-Age ; haut Moyen-Âge,1999,FOUILLET,Nicolas,"Revue archéologique du Centre de la France, tome 38, 1999. [online]"
http://data.persee.fr/doc/hel_0750-8069_1999_num_21_1_2736#Web,"L'œuvre grammaticale de Jean de Garlande (ca 1195-1272 ?), auteur, réviseur et glosateur : un bilan",Middle Ages ; Moyen Age,1999,GRONDEUX ; MARGUIN,Anne ; Elsa,"Histoire Épistémologie Langage, tome 21, fascicule 1, 1999. Linguistiques des langues slaves. [online]"
http://data.persee.fr/doc/amime_0758-7708_1999_num_17_1_925#Web,Un exemple d’analyse de parcellaire urbain : l’îlot de l’ancien hôtel de ville de Saint-Antonin-Noble-Val (82) du XIIe au XVIIIe siècles,Moyen-Âge,1999,GLORIÈS,Cécile,"Archéologie du Midi médiéval. Tome 17, 1999. [online]"
http://data.persee.fr/doc/quate_1142-2904_1999_num_10_4_1646#Web,"Etude paléoenvironnementale de la vallée du Lane du Néolithique au Moyen-Age, Saint Nicolas de Bourgueil (Indre-et-Loire), la Prairie du Cassoir [Palaeoenvironmental study of the Loire valley from the Neolithic age to the Middle Ages]",Middle Ages ; Moyen-Age,1999,BERNARD ; CARCAUD ; PONT ; VIOLOT ; VISSET,Corinne ; Jacques ; Jean ; Lionel ; Nathalie,"Quaternaire, vol. 10, n°4, 1999. [online]"
http://data.persee.fr/doc/arcme_0153-9337_1999_num_29_1_936#Web,Étude archéologique des élévations de la maison n°15 de la rue Croix-Baragnon à Toulouse,Middle Ages ; Moyen Âge,1999,NAPOLEONE ; TESTARD,Anne-Laure ; Olivier,"Archéologie médiévale, tome 29, 1999. [online]"
http://data.persee.fr/doc/arcme_0153-9337_1999_num_29_1_932#Web,Le site de Chessy et l'occupation du sol en Ile-de-France (VIe-Xe siècles),Early Middle Ages ; Friihmittelalter ; haut Moyen Âge,1999,BONIN,Thierry,"Archéologie médiévale, tome 29, 1999. [online]"
http://data.persee.fr/doc/rao_0767-709x_1999_num_16_1_1093#Web,Une occupation du haut Moyen Age dans le bocage normand à Saint-Ouen-des-Besaces (Calvados),early Middle Age,1999,CARPENTIER,Vincent,"Revue archéologique de l'ouest, tome 16, 1999. [online]"
http://data.persee.fr/doc/pharm_0035-2349_1999_num_87_324_5003#Web,"Le médicament chez Gérard de Solo, médecin montpelliérain du XIVe siècle",médecine médiévale ; pharmacologie médiévale ; pharmacopée médiévale ; universités médiévales,1999,GUÉNOUN,Anne-Sylvie,"Revue d'histoire de la pharmacie, 87ᵉ année, n°324, 1999. [online]"
http://data.persee.fr/doc/palla_0031-0387_1999_num_50_1_1547#Web,Le sanctuaire de Sainte-Juliane à Roquecourbe (Tarn) ou l'histoire renouvelée de la religion celtique,Medieval hilltop site ; Site de hauteur médiéval,1999,VIDAL,Michel,"Pallas, 50/1999. Mélanges C. Domergue 2. [online]"
http://data.persee.fr/doc/arcme_0153-9337_1999_num_29_1_937#Web,La Loire aménagée du Moyen Âge à l'époque Moderne entre Cosne-sur-Loire et Chaumont-sur-Loire,Medieval and Post-Medieval periods ; Mittelalter und Moderne ; époque moderne et médiévale,1999,MIEJAC,Emmanuelle,"Archéologie médiévale, tome 29, 1999. [online]"
http://data.persee.fr/doc/rao_0767-709x_1999_num_16_1_1088#Web,"Une occupation de l'Age du Bronze en moyenne vallée de Vilaine, La Basse Bouëxière (Guichen, Ille-et-Vilaine)",haut Moyen Age,1999,HINGUANT ; LE GOFF ; MAGUER,Elven ; Patrick ; Stéphan,"Revue archéologique de l'ouest, tome 16, 1999. [online]"
http://data.persee.fr/doc/amime_0758-7708_1999_num_17_1_923#Web,La genèse du cimetière médiéval urbain : l’exemple de la topographie funéraire de Toulouse (vers 250-1350),Moyen Age,1999,WILD,Gregor,"Archéologie du Midi médiéval. Tome 17, 1999. [online]"
http://data.persee.fr/doc/amime_0758-7708_2000_num_18_1_953#Web,Saint-Hilaire : ancienne église de l'ensemble conventuel des Cordeliers d'Agen (Lot-et-Garonne),moyen âge.,2000,BABOULÈNE,Valérie,"Archéologie du Midi médiéval. Tome 18, 2000. [online]"
http://data.persee.fr/doc/racf_0220-6617_2000_num_39_1_2850#Web,Le site du promontoire du château de Blois du VIIIe au XIe s. (Loir-et-Cher). (Première partie : niveaux et structures) / The site of the promontory of the castle of Blois from the 8th to the 11th century (Loir-et-Cher). (First part : layers and structures),Early Middle-Age ; Haut Moyen-Âge,2000,AUBOURG ; JOSSET,Didier ; Viviane,"Revue archéologique du Centre de la France, tome 39, 2000. [online]"
http://data.persee.fr/doc/arsci_0399-1237_2000_num_24_1_987#Web,La monnaie Almoravide : de l'Afrique à l'Espagne.,Occidental Muslim Middle-Ages,2000,GUERRA ; ROUX,Corinne ; Maria Filomena,"Revue d'Archéométrie, n°24, 2000. [online]"
http://data.persee.fr/doc/amime_0758-7708_2000_num_18_1_950#Web,Le château de Gicon (Gard),Moyen Âge,2000,MAIGRET,Chantal,"Archéologie du Midi médiéval. Tome 18, 2000. [online]"
http://data.persee.fr/doc/amime_0758-7708_2000_num_18_1_947#Web,Le cimetière de Notre-Dame de Maubourguet (Hautes-Pyrénées) : typo-chronologie des tombes,Moyen Âge,2000,CAMPECH,Sylvie,"Archéologie du Midi médiéval. Tome 18, 2000. [online]"
http://data.persee.fr/doc/hel_0750-8069_2000_num_22_2_2803#Web,On club membership : a reply to Kouloughli,Middle-ages ; Moyen Âge,2000,OWENS,Jonathan,"Histoire Épistémologie Langage, tome 22, fascicule 2, 2000. Horizons de la grammaire alexandrine (2) [online]"
http://data.persee.fr/doc/ran_0557-7705_2000_num_33_1_1573#Web,Le troisième siècle dans la Vallée des Baux : les fouilles de la partie basse et de l'émissaire oriental des moulins de Barbegal,Haut Moyen Age ; early Middle Ages,2000,BERTUCCHI ; BOST ; BRUNETON ; LEVEAU ; TREMMEL ; WALSH,B. ; Guy ; Hélène ; Jean-Pierre ; Kevin ; Philippe,"Revue archéologique de Narbonnaise, tome 33, 2000. [online]"
http://data.persee.fr/doc/clao_0153-3320_2000_num_29_2_1569#Web,The influence of translated later Han Buddhist Sutras on the development of the Chinese disposal construction,Medieval Chinese (Han-Tang),2000,CAO ; YU,Guangshun ; Hsiao-jung,"Cahiers de linguistique - Asie orientale, vol. 29 2, 2000. [online]"
http://data.persee.fr/doc/rnord_0035-2624_2000_num_82_338_3052#Web,Les caves médiévales de Lille,Middle Ages ; Moyen Âge ; middeleeuwen,2000,CLABAUT,Jean-Denis,"Revue du Nord, tome 82, n°338,2000. Archéologie de la Picardie et du Nord de la France. [online]"
http://data.persee.fr/doc/clao_0153-3320_2001_num_30_2_1583#Web,Origine et évolution du complément directionnel complexe en chinois,Medieval and Modern Chinese ; chinois médiéval et moderne,2001,FENG,Li,"Cahiers de linguistique - Asie orientale, vol. 30 2, 2001. [online]"
http://data.persee.fr/doc/racf_0220-6617_2001_num_40_1_2878#Web,"Habitats et nécropoles du haut Moyen-Âge en vallée de Vaucouleurs (sites de Septeuil et Villette, Yvelines) / Settlements and burial sites of the Early Medieval period in the Vaucouleurs valley (the sites of Septeuil and Villette, Yvelines)",Early medieval ; Haut Moyen-Âge,2001,BARAT ; BRICON ; LANGLOIS,D. ; M. ; Yvan,"Revue archéologique du Centre de la France, tome 40, 2001. [online]"
http://data.persee.fr/doc/tigr_0048-7163_2001_num_27_107_1425#Web,Glissement des voies commerciales et adaptation territoriale des royaumes chrétiens et musulmans d'Ethiopie (VIème-XVème siècles),Middle Ages ; Moyen Âge,2001,FAUVELLE-AYMAR ; HIRSCH,Bertrand ; François-Xavier,"Travaux de l'Institut Géographique de Reims, vol. 27-28, n°107-108, 2001. Commerce et accessibilité, sous la direction de Nicolas Lebrun et Marcel Bazin. [online]"
http://data.persee.fr/doc/racf_0220-6617_2001_num_40_1_2879#Web,"La fouille du site de Rigny, 7e-19e s. (commune de Rigny-Ussé, Indre-et-Loire) : l'habitat, les églises, le cimetière. Troisième et dernier rapport préliminaire (1995-1999) / The excavation of Rigny, C7th-19th (Cne Rigny-Ussé, Indre-et-Loire) : the settlement, churches and graveyard. 3rd and last preliminary report (1995-1999)",Moyen-Âge ; early medieval ; haut Moyen-Âge ; medieval and modern period.,2001,GALINIÉ ; ZADORA-RIO,Elisabeth ; Henri,"Revue archéologique du Centre de la France, tome 40, 2001. [online]"
http://data.persee.fr/doc/amime_0758-7708_2001_num_19_1_968#Web,Le grand retable de l’ancienne cathédrale de Narbonne: étude technique du travail de la pierre,Moyen Age,2001,ORRIT,Géraldine,"Archéologie du Midi médiéval. Tome 19, 2001. [online]"
http://data.persee.fr/doc/quate_1142-2904_2001_num_12_1_1683#Web,"Etude paléoenvironnementale du Marais de Distré (Saumurois) : géoarchéologie d'une zone humide depuis le Préboréal / Paleoenvironmental study of the marshland m Distré (Saumurois, France) ; geoarcheohgy of a humid zone since the preboreal period.",Middle Ages. ; Moyen Age.,2001,CARCAUD ; CYPRIEN ; VISSET,Anne ; Lionel ; Nathalie,"Quaternaire, vol. 12, n°1-2, 2001. Paléoenvironnements holocènes et géoarchéologie. [online]"
http://data.persee.fr/doc/pharm_0035-2349_2001_num_89_332_5281#Web,Vin et alcool dans les apothicaireries médiévales des pays du Sud,Moyen Âge,2001,BÉNÉZET,Jean-Pierre,"Revue d'histoire de la pharmacie, 89ᵉ année, n°332, 2001. [online]"
http://data.persee.fr/doc/carav_1147-6753_2001_num_76_1_1344#Web,Bosch dans les Andes : le millénium pictural de Marcelo Suaznábar,Moyen Age,2001,TEULIÈRE,Gérard,"Caravelle, n°76-77, 2001. Hommage à Georges Baudot. [online]"
http://data.persee.fr/doc/rao_0767-709x_2001_num_18_1_1162#Web,L'enclos médiéval de Vivy Le Perray (Maine-et-Loire),Moyen-Age ; middle-age,2001,THOORIS,Catherine,"Revue archéologique de l'ouest, tome 18, 2001. [online]"
http://data.persee.fr/doc/amime_0758-7708_2001_num_19_1_967#Web,L’organisation castrale et ecclésiale de la moyenne vallée de l’Agout (Tarn) au Moyen Age central,Moyen Âge,2001,DEODAT,Laure,"Archéologie du Midi médiéval. Tome 19, 2001. [online]"
http://data.persee.fr/doc/quate_1142-2904_2001_num_12_1_1677#Web,Les relations sociétés/milieux physiques depuis la fin du Tardiglaciaire : les apports du programme Loire / Floodplain archaeology and environmental change in the Loire valley during Holocene.,Middle Ages,2001,BURNOUF ; CARCAUD ; CUBIZOLLE ; GARCIN ; SERIEYSSOL ; TREMENT ; VISSET,Frédéric ; Hervé ; Joëlle ; Karen ; Lionel ; Manuel ; Nathalie,"Quaternaire, vol. 12, n°1-2, 2001. Paléoenvironnements holocènes et géoarchéologie. [online]"
http://data.persee.fr/doc/racf_0220-6617_2002_num_41_1_2910#Web,Les Ligneries à Charentilly (Indre-et-Loire) : du logis à salle basse au manoir du XVe s. / Les ligneries at Charentilly (Indre- et-Loire) : from the lowest dwelling to the manor of the 15th century,Middle Age ; Moyen-Âge,2002,CARRÉ ; HUNOT ; LITOUX,Emmanuel ; Gaël ; Jean-Yves,"Revue archéologique du Centre de la France, tome 41, 2002. [online]"
http://data.persee.fr/doc/hel_0750-8069_2002_num_24_1_2855#Web,Matériaux pour une histoire de l'acception syntaxique de la synecdoque,Middle Ages ; Moyen Âge,2002,GRONDEUX,Anne,"Histoire Épistémologie Langage, tome 24, fascicule 1, 2002. Grammaire et entités lexicales. [online]"
http://data.persee.fr/doc/hel_0750-8069_2002_num_24_2_2175#Web,De la signification dans les traditions bouddhistes et françaises,Middle Ages ; Moyen Âge,2002,SINGH GILL,Harjeet,"Histoire Épistémologie Langage, tome 24, fascicule 2, 2002. Politiques linguistiques (1/2) [online]"
http://data.persee.fr/doc/galia_0016-4119_2002_num_59_1_3053#Web,A propos de la corpulence des bovins en France durant les périodes historiques,Middle Ages ; Moyen Age,2002,FOREST ; RODET-BELARBI,Isabelle ; Vianney,"Gallia, tome 59, 2002. [online]"
http://data.persee.fr/doc/hel_0750-8069_2002_num_24_2_2174#Web,"Systèmes d’écriture, sémiotique et langage chez Roger Bacon",Middle Ages ; Moyen Âge,2002,GRÉVIN,Benoît,"Histoire Épistémologie Langage, tome 24, fascicule 2, 2002. Politiques linguistiques (1/2) [online]"
http://data.persee.fr/doc/arsci_0399-1237_2002_num_26_1_1034#Web,"Étude paléométallurgique de fers de traits du Moyen Âge, contribution à l'histoire des techniques.",Middle Age ; Moyen Âge,2002,FLUZIN ; SERDON,Philippe ; Valérie,"Revue d'Archéométrie, n°26, 2002. [online]"
http://data.persee.fr/doc/amime_0758-7708_2002_num_20_1_978#Web,Mise en défense et fortification dans la seconde moitié du XIVe siècle : le village de Comigne (Aude),fort villageois du bas Moyen-Âge ; fortification médiévale,2002,ALLABERT ; LOPPE,Blandine ; Frédéric ; Stéphane,"Archéologie du Midi médiéval. Tome 20, 2002. [online]"
http://data.persee.fr/doc/hel_0750-8069_2003_num_25_2_2209#Web,"Priscien, Boèce, les Glosulae in Priscianum, Abélard : les enjeux des discussions autour de la notion de consignification",Middle Ages. ; Moyen Age.,2003,ROSIER-CATACH,Irène,"Histoire Épistémologie Langage, tome 25, fascicule 2, 2003. Les syncatégorèmes. [online]"
http://data.persee.fr/doc/arsci_0399-1237_2003_num_27_1_1036#Web,Expérimentations géophysiques sur les dépôts archéologiques peu différenciés. Apport aux stratégies de fouilles des « terres noires ».,early medieval ; haut Moyen Âge,2003,AUBRY ; DAVID,Christian ; Laurent,"Revue d'Archéométrie, n°27, 2003. [online]"
http://data.persee.fr/doc/arsci_0399-1237_2003_num_27_1_1054#Web,Iron in medieval monuments metallographic analysis of irons coming from the Palais des Papes In Avignon.,Middle Age ; Moyen Age,2003,BERNARDI ; DILLMANN ; FLUZIN,Philippe,"Revue d'Archéométrie, n°27, 2003. [online]"
http://data.persee.fr/doc/hel_0750-8069_2003_num_25_2_2212#Web,Guillaume d’Ockham et les syncatégorèmes mentaux : la première théorie,Middle Ages. ; Moyen Age.,2003,PANACCIO,Claude,"Histoire Épistémologie Langage, tome 25, fascicule 2, 2003. Les syncatégorèmes. [online]"
http://data.persee.fr/doc/amime_0758-7708_2003_num_21_1_1412#Web,"Neuf mille ans d’occupation du sol en moyenne montagne : la vallée de Fressinières dans le Parc National des Ecrins (Fressinières, Hautes-Alpes)",Middle Ages. ; Moyen-Age,2003,DUMAS ; DURAND ; MOCCI ; TALON ; TZORTZIS ; WALSH,Aline ; Brigitte ; Florence ; Kevin ; Stefan ; Vincent,"Archéologie du Midi médiéval. Tome 21, 2003. [online]"
http://data.persee.fr/doc/amime_0758-7708_2003_num_21_1_1399#Web,Le paysage religieux et l’habitat rural en Provence de l’Antiquité tardive au XIIe siècle,Moyen Age,2003,CODOU,Yann,"Archéologie du Midi médiéval. Tome 21, 2003. [online]"
http://data.persee.fr/doc/hel_0750-8069_2003_num_25_1_2117#Web,La problématique de la « transitivité » dans la tradition grammaticale latine. Quelques Jalons de Priscien aux premiers humanistes,Middle Age ; Moyen Âge,2003,COLOMBAT,Bernard,"Histoire Épistémologie Langage, tome 25, fascicule 1, 2003. Politiques linguistiques (2/2) [online]"
http://data.persee.fr/doc/racf_0220-6617_2003_num_42_1_2937#Web,Le site du promontoire du château de Blois du VIIIe au XIe s. (Loir-et-Cher) - Seconde partie : le mobilier non céramique / The site of the promontory of the castle of Blois from the 8th to the 11th century (Loir-et-Cher)- (Second part: artefacts),Early Middle-Age ; Haut Moyen-Âge,2003,AUBOURG ; JOSSET,Didier ; Viviane,"Revue archéologique du Centre de la France, tome 42, 2003. [online]"
http://data.persee.fr/doc/rgpso_1276-4930_2003_num_16_1_2836#Web,Le pastoralisme dans les Pyrénées de Huesca. Systèmes traditionnels et perspectives,derechos medievales,2003,AGUIRRE ; FILLAT ; LASSALLE ; MORLET,Danielle ; Federico ; Javier ; Jérôme,"Sud-Ouest européen, tome 16, 2003. Pastoralisme et environnement (Coordonné par Jean-Paul Métailié) sous la direction de Jean-Paul Métailié. [online]"
http://data.persee.fr/doc/arsci_0399-1237_2004_num_28_1_1066#Web,Raw material properties of some medieval mortars in Kubadabad palaces (Turkey),maçonnerie médiévale ; medieval masonry,2004,CANER-SALTIK ; HUGON ; TUNCOKU,Emine N. ; Paulette ; S. Sarp,"Revue d'Archéométrie, n°28, 2004. [online]"
http://data.persee.fr/doc/antaf_0066-4871_2004_num_40_1_1392#Web,L'urbanisation dans l'Algérie médiévale,medieval period ; époque médiévale,2004,KHELIFA,Abderrahmane,"Antiquités africaines, 40-41,2004. [online]"
http://data.persee.fr/doc/racf_0220-6617_2004_num_43_1_2962#Web,Une maison du quartier cathédral de Tours (Indre-et-Loire) : évolution architecturale et techniques de construction / A house in the cathedral close of Tours (Indre-et-Loire): its architectural evolution and construction techniques,Middle Ages ; Moyen Âge,2004,LEFEBVRE,Bastien,"Revue archéologique du Centre de la France, tome 43, 2004. [online]"
http://data.persee.fr/doc/rao_0767-709x_2004_num_21_1_1180#Web,L'évolution de la charpente de comble en Anjou : XIIe - XVIIIe siècles,Middle Ages ; Moyen Âge,2004,HUNOT,Jean-Yves,"Revue archéologique de l'ouest, tome 21, 2004. [online]"
http://data.persee.fr/doc/sracf_1159-7151_2004_act_25_1_1160#Web,Capitales déchues de la Normandie antique. État de la question,Early Middle Ages ; Haut Moyen Âge,2004,DELAVAL ; FICHET DE CLAIRFONTAINE ; HINCKER ; LE MAHO,Eric ; François ; Jacques ; Vincent,"Capitales éphémères. Des Capitales de cités perdent leur statut dans l’Antiquité tardive, Actes du colloque Tours 6-8 mars 2003. Tours : Fédération pour l'édition de la Revue archéologique du Centre de la France, 2004. 512 p. (Supplément à la Revue archéologique du centre de la France, 25) [online]"
http://data.persee.fr/doc/racf_0220-6617_2004_num_43_1_2959#Web,"La nécropole mérovingienne du Poteau à Richelieu (Indre-et-Loire) : apports chrono-typologiques / The merovingian cemetery at the Poteau at Richelieu (department of the Indre-et-Loire, France) : new chronological and typological data",Early Middle Ages ; Haut Moyen Âge,2004,BLANCHARD ; GEORGES,Patrice ; Philippe,"Revue archéologique du Centre de la France, tome 43, 2004. [online]"
http://data.persee.fr/doc/quate_1142-2904_2004_num_15_4_1780#Web,La turfigenèse à la fin du Subboréal et au Subatlantique dans les tourbières basses du Massif Central oriental granitique (France): une manifestation de l'action humaine ?[ Peat inception and peat accumulation at the end of the Sub Boreal and during the Sub-Atlantic in the granitic eastern Massif central (France) : an evidence for human activity ],Medieval period ; Moyen-âge,2004,ARGANT ; CUBIZOLLE ; GEORGES ; LATOUR ; SERIEYSSOL,Catherine ; Hervé ; Jacqueline ; Karen ; Vincent,"Quaternaire, vol. 15, n°4, 2004. [online]"
http://data.persee.fr/doc/racf_0220-6617_2004_num_43_1_2966#Web,La fouille du fort Saint-Georges à Chinon (Indre-et-Loire). Premiers résultats / The excavation of fort Saint-Georges at Chinon (Indre-et-Loire). First results,Middle Ages ; Moyen Âge,2004,ARNAUD ; DUFAŸ ; LEFEBVRE ; MARLET,Bastien ; Bruno ; Chantal ; Olivier,"Revue archéologique du Centre de la France, tome 43, 2004. [online]"
http://data.persee.fr/doc/arsci_0399-1237_2004_num_28_1_1061#Web,Thermoluminescence et chronologie de l'architecture médiévale : datation de briques de la citadelle de Termez en Ouzbékistan,architecture médiévale ; medieval building,2004,BECHTEL ; GUIBERT ; LERICHE ; VIEILLEVIGNE,Emmanuelle ; Françoise ; Pierre,"Revue d'Archéométrie, n°28, 2004. [online]"
http://data.persee.fr/doc/horma_0984-2616_2004_num_50_1_2192#Web,Francisco Márquez Villanueva,Espagne médiévale et du Siècle d'or,2004,LLORED,Yannick,"Horizons Maghrébins - Le droit à la mémoire, N°50, 2004. Vingt ans de médiation interculturelle euro-méditerranéenne - I - Horizons maghrébins (1984-2004) [online]"
http://data.persee.fr/doc/sracf_1159-7151_2004_act_25_1_1157#Web,Kaiseraugst et Bâle (Suisse) aux premiers temps chrétiens,Early Middle Ages ; Haut Moyen Âge,2004,SCHWARZ,Peter-Andrew,"Capitales éphémères. Des Capitales de cités perdent leur statut dans l’Antiquité tardive, Actes du colloque Tours 6-8 mars 2003. Tours : Fédération pour l'édition de la Revue archéologique du Centre de la France, 2004. 512 p. (Supplément à la Revue archéologique du centre de la France, 25) [online]"
http://data.persee.fr/doc/clao_0153-3320_2004_num_33_2_1654#Web,Temporal phrases in the Shiji : adverbials indicating a point of time,chinois pré-médiéval,2004,MEISTERERNST,Barbara,"Cahiers de linguistique - Asie orientale, vol. 33 2, 2004. [online]"
http://data.persee.fr/doc/rao_0767-709x_2004_num_21_1_1178#Web,La verrerie de l'abbaye Saint-Guénolé à Landévennec (Finistère). Étude typo-chronologique,Bas Moyen Age ; Low Middle Ages,2004,LE NOAC'H,Charlotte,"Revue archéologique de l'ouest, tome 21, 2004. [online]"
http://data.persee.fr/doc/amime_0758-7708_2005_num_23_1_1830#Web,Les fruits dans les traités culinaires français (XIIIe-XVe siècles).,Moyen Age ; the Middle Ages,2005,MANE,Perrine,"Archéologie du Midi médiéval. Tome 23-24, 2005. [online]"
http://data.persee.fr/doc/ran_0557-7705_2005_num_38_1_1160#Web,"Un centre domanial dans la vallée de la Tave : la villa de Mayran (Saint-Victor-la-Coste, Gard)",early Middle Age ; haut Moyen Âge,2005,BUFFAT ; PETITOT ; VIDAL,Hervé ; Laurent ; Loïc,"Revue archéologique de Narbonnaise, tome 38-39, 2005. [online]"
http://data.persee.fr/doc/amime_0758-7708_2005_num_23_1_1829#Web,La place des fruits en Méditerranée nord-occidentale à partir des actes de la pratique et des tarifs marchands (XIIe-Première moitié XIVe siècles).,Middle Ages ; Moyen Age,2005,PUIG,Carole,"Archéologie du Midi médiéval. Tome 23-24, 2005. [online]"
http://data.persee.fr/doc/amime_0758-7708_2005_num_23_1_1836#Web,Les fortifications des comtes de Foix au Moyen Âge (Ariège).,Moyen Age ; the Middle Ages,2005,GUILLOT,Florence,"Archéologie du Midi médiéval. Tome 23-24, 2005. [online]"
http://data.persee.fr/doc/amime_0758-7708_2005_num_23_1_1837#Web,"Le castrum déserté de Ventajou et son terroir (Félines-Minervois, Hérault) : première approche (Ve-XIVe s.).",early and late medieval graves ; fortification médiévale ; medieval fortification ; sépultures du haut et bas Moyen Âge,2005,LOPPE ; MARTY ; ZANCA,Frédéric ; Jean ; Robert,"Archéologie du Midi médiéval. Tome 23-24, 2005. [online]"
http://data.persee.fr/doc/amime_0758-7708_2005_num_23_1_1820#Web,Archéologie du champ et viticulture méridionale. Pourquoi les traces de vignobles sont-elles si peu fréquentes au Moyen Age ?,the Middle Ages,2005,BOISSINOT ; PUIG,Carole ; Philippe,"Archéologie du Midi médiéval. Tome 23-24, 2005. [online]"
http://data.persee.fr/doc/amime_0758-7708_2005_num_23_1_1841#Web,L’îlot de la rue de la Descente-de-la-Halle-au-Poisson à Toulouse.,Moyen Âge,2005,MATTALIA,Yoan,"Archéologie du Midi médiéval. Tome 23-24, 2005. [online]"
http://data.persee.fr/doc/asie_0766-1177_2006_num_16_1_1255#Web,On the Formation of Shintō Icons,Medieval Shintō,2006,ATSUSHI,Kadoya,"Cahiers d'Extrême-Asie, vol. 16, 2006. Rethinking Medieval Shintō – Repenser le shintō médiéval. [online]"
http://data.persee.fr/doc/pica_0752-5656_2006_num_3_1_2438#Web,Une porte médiévale de l'abbaye cistercienne Notre-Dame d'Ourscamp : étude dendrochronologique et approche historique,medieval ; mittelalterlich ; médiéval,2006,BONDE ; LOCATELLI ; MAINES ; POUSSET,Christine ; Clark ; Didier ; Sheila,"Revue archéologique de Picardie, n°3-4, 2006. [online]"
http://data.persee.fr/doc/sracf_1159-7151_2006_ant_29_1_1245#Web,"Sépultures de nouveau-nés et de nourrissons du 1er âge du Fer au haut Moyen Âge découvertes hors des contextes funéraires traditionnels sur les territoires carnute, turon et biturige cube : inventaire, synthèse et interprétations",Middle Age ; Moyen Âge,2006,BAILLS-TALBI ; BLANCHARD,Nathalie ; Philippe,"Ensembles funéraires gallo-romains de la Région Centre - 1. Tours : Fédération pour l'édition de la Revue archéologique du Centre de la France, 2006. 208 p. (Supplément à la Revue archéologique du centre de la France, 29) [online]"
http://data.persee.fr/doc/asie_0766-1177_2006_num_16_1_1262#Web,Memories of the Divine Age: Shintō Seen Through Jan Assmann's Concepts of Religion,Medieval period,2006,SCHEID,Bernhard,"Cahiers d'Extrême-Asie, vol. 16, 2006. Rethinking Medieval Shintō – Repenser le shintō médiéval. [online]"
http://data.persee.fr/doc/asie_0766-1177_2006_num_16_1_1263#Web,"La place des divinités locales, des bouddhas et du tennō dans le shintō médiéval : en particulier la théorie de Jihen",shintō médiéval,2006,SUEKI,Fumihiko,"Cahiers d'Extrême-Asie, vol. 16, 2006. Rethinking Medieval Shintō – Repenser le shintō médiéval. [online]"
http://data.persee.fr/doc/asie_0766-1177_2006_num_16_1_1260#Web,Medieval Shintō as a Form of 'Japanese Hinduism': An Attempt at Understanding Early Medieval Shintō,Hindu deities and Medieval Shintō ; Hirata Atsutane and Medieval Shintō ; King Brahmā in Medieval Shintō ; Medieval Shintō and heresy ; Medieval Shintō and Annen ; Medieval Shintō and Seison ; Shingon fuhō san' yōshō (by Seison) and Medieval Shintō,2006,IYANAGA,Nobumi,"Cahiers d'Extrême-Asie, vol. 16, 2006. Rethinking Medieval Shintō – Repenser le shintō médiéval. [online]"
http://data.persee.fr/doc/ethio_0066-2127_2006_num_22_1_1486#Web,Reconnaissance de trois villes musulmanes de l'époque médiévale dans l'Ifat,Middle Ages ; Moyen-Age,2006,AYENATCHEW ; BRUXELLES ; CHEKROUN ; FAUVELLE-AYMAR ; HIRSCH ; MESFIN,Amélie ; Bertrand ; Chalachew ; Deresse ; François-Xavier ; Laurent,"Annales d'Ethiopie. Volume 22, année 2006. [online]"
http://data.persee.fr/doc/horma_0984-2616_2006_num_55_1_2394#Web,De la cuisine de rue au restaurant,Moyen Âge,2006,RAMBOURG,Patrick,"Horizons Maghrébins - Le droit à la mémoire, N°55, 2006. Manger au Maghreb. [online]"
http://data.persee.fr/doc/asie_0766-1177_2006_num_16_1_1261#Web,Re-positioning the Gods: Medieval Shintō and the Origins of Non-Buddhist Discourses on the Kami,kami typologies - medieval,2006,RAMBELLI,Fabio,"Cahiers d'Extrême-Asie, vol. 16, 2006. Rethinking Medieval Shintō – Repenser le shintō médiéval. [online]"
http://data.persee.fr/doc/asie_0766-1177_2006_num_16_1_1248#Web,Medieval Shintō Boundaries: Real or Imaginary?,medieval Japanese cultic centers ; religious practices in medieval Japan,2006,GRAPARD,Allan,"Cahiers d'Extrême-Asie, vol. 16, 2006. Rethinking Medieval Shintō – Repenser le shintō médiéval. [online]"
http://data.persee.fr/doc/galia_0016-4119_2006_num_63_1_3286#Web,Le rempart antique de Saint-Bertrand-de-Comminges (Haute-Garonne),transition entre l’Antiquité tardive et le haut Moyen Âge. ; Übergang zwischen Spätantike und Frühmittelalter.,2006,ESMONDE CLEARY ; WOOD,A. Simon ; Jason,"Gallia, tome 63, 2006. [online]"
http://data.persee.fr/doc/asie_0766-1177_2006_num_16_1_1252#Web,Shintō as Written Representation: The Phases and Shifts of Medieval Shintō Texts,Medieval religious texts,2006,ABE,Yasurō,"Cahiers d'Extrême-Asie, vol. 16, 2006. Rethinking Medieval Shintō – Repenser le shintō médiéval. [online]"
http://data.persee.fr/doc/amime_1278-3358_2006_sup_4_1_1597#Web,La maison canoniale du Lycée Ozenne à Toulouse,Bas Moyen Age,2006,ARRAMOND ; CATALO ; GENEVIÈVE ; LLECH ; MOLET ; RODET-BELARBI,Henri ; Isabelle ; Jean ; Jean-Charles ; Laurent ; Vincent,"Archéologie du Midi médiéval. Supplément n°4, 2006. Résidences aristocratiques, résidences du pouvoir entre Loire et Pyrénées, Xe-XVe siècles. Recherches archéologiques récentes, 1987-2002. [online]"
http://data.persee.fr/doc/pica_0752-5656_2006_num_1_1_2429#Web,L'approvisionnement et les structures en eau du château de Château-Thierry (Aisne) aux XIVe et XVe siècles,Mittelalter ; Moyen Âge ; the Middle Ages,2006,BLARY,François,"Revue archéologique de Picardie, n°1-2, 2006. [online]"
http://data.persee.fr/doc/galia_0016-4119_2007_num_64_1_3306#Web,La christianisation des campagnes (IVe-VIIIe s.),Early Medieval Age ; Frühmittelalter ; haut Moyen Âge,2007,CODOU ; COLIN ; LE NÉZET-CÉLESTIN,Marie-Geneviève ; Monique ; Yann,"Gallia, tome 64, 2007. [online]"
http://data.persee.fr/doc/hel_0750-8069_2007_num_29_1_2917#Web,Sémantiques du nom propre : sources anciennes et discussions médiévales à l’époque d’Abélard,Middle Ages ; Moyen-Age,2007,BRUMBERG-CHAUMONT,Julie,"Histoire Épistémologie Langage, tome 29, fascicule 1, 2007. Histoire des théories du son. [online]"
http://data.persee.fr/doc/globe_0398-3412_2007_num_147_1_1529#Web,"La territorialité agraire réfléchie dans quelques peintures médiévales du Tessin. La place du temps, du travail et du divertissement",Medioevo ; Middle Age ; Moyen Age,2007,BOSCANI LEONI,Simona,"Le Globe. Revue genevoise de géographie, tome 147, 2007. Tessin. Paysage et patrimoine. [online]"
http://data.persee.fr/doc/annor_0003-4134_2008_num_58_3_6203#Web,L 'image du saint évêque à travers les cycles sculptés de la cathédrale et de Saint-Ouen de Rouen (XIVe siècle),Medieval Iconography ; Medieval Sculpture ; Medieval architecture ; architecture (médiévale ; iconographie (médiévale) ; sculpture (médiévale),2008,THÉNARD-DUVIVIER,Franck,"Annales de Normandie, 58ᵉ année, n°3-4, 2008. [online]"
http://data.persee.fr/doc/amime_0758-7708_2008_num_26_1_1657#Web,Le haut Moyen Âge dans la villa Saint-Pierre 1 à Eyguières (Bouches-du-Rhône),Early Middle Ages ; Haut Moyen Âge,2008,PELLETIER ; POGUET,Jean-Pierre ; Michel,"Archéologie du Midi médiéval. Tome 26, 2008. [online]"
http://data.persee.fr/doc/bagf_0004-5322_2008_num_85_1_2602#Web,La durabilité de la pierre monumentale des églises du Massif central : éléments de diagnostic et perspectives de recherche (Stonework durability of the French massif central churches : preliminary diagnosis and future developments),patrimoine médiéval,2008,ANDRÉ ; BONNEAU ; PHALIP ; ROBERT,Bruno ; Julia ; Marie-Françoise ; Murielle,"Bulletin de l'Association de géographes français, 85e année, 2008-1 ( mars). Petites villes françaises / Pierre monumentale, sous la direction de Jean-Charles Edouard, Samuel Etienne et Dominique Sellier. [online]"
http://data.persee.fr/doc/amime_0758-7708_2008_num_26_1_1659#Web,Le Couvent des Chèvres au Pouzin (Ardèche) : découverte d’un site fortifié de hauteur tardo-antique,Medieval ; médiéval,2008,DARNAUD ; FERBER ; RIGAUD,Emmanuel ; Olivier ; Pierre,"Archéologie du Midi médiéval. Tome 26, 2008. [online]"
http://data.persee.fr/doc/amime_0758-7708_2008_num_26_1_1661#Web,Pratiques agraires et terroir de montagne : regard archéobotanique sur Montaillou (Ariège) au XIIIe siècle,central Middle Ages,2008,HALLAVANT ; RUAS,Charlotte ; Marie-Pierre,"Archéologie du Midi médiéval. Tome 26, 2008. [online]"
http://data.persee.fr/doc/globe_0398-3412_2008_num_148_1_1538#Web,"Les racines culturelles de l'exotisme géographique, du Moyen Age à la Renaissance européenne",Middle Ages ; Moyen Age,2008,LÉVY,Bertrand,"Le Globe. Revue genevoise de géographie, tome 148, 2008. L'exotisme. [online]"
http://data.persee.fr/doc/pica_0752-5656_2009_num_1_1_3158#Web,Études sur les plantes cultivées pendant le haut Moyen Âge en France septentrionale,Frühmittelalter ; early Middle Ages ; haut Moyen Âge,2009,BAKELS,Corrie,"Revue archéologique de Picardie, n°1-2, 2009. L'actualité de l'archéologie du haut Moyen-Âge en Picardie. Les apports de l'expérimentation à l'archéologie mérovingienne. Actes des XXIXe journées internationales d’archéologie mérovingiennes. Musée des Temps Barbare, Marle (Aisne) 26-28 septembre 2008. [online]"
http://data.persee.fr/doc/amime_0758-7708_2009_num_27_1_1896#Web,"«Catastrophe naturelle» et déclin économique de Villemagne-l’Argentière (bassin de l’Orb, Hérault) depuis la fin du Moyen Âge",Late Middle Ages ; bas Moyen Âge,2009,JOURNOT,Florence,"Archéologie du Midi médiéval. Tome 27, 2009. [online]"
http://data.persee.fr/doc/ran_0557-7705_2009_num_42_1_1786#Web,La villa de La Gramière (Castillon-du-Gard). Premier bilan de la recherche,early Middle Ages ; haut Moyen Âge,2009,BUFFAT ; CANTUEL ; GARCIA PETIT ; GARDEISEN ; GUERRE ; LONGEPIERRE ; MASBERNAT-BUFFET ; PAYAN ; PIQUÈS ; PORCIER ; RENAUD ; ROVIRA,Armelle ; Audrey ; Aurélie ; Gaël ; Gilles ; Jean ; Josselyne ; Lluis ; Loïc ; Núria ; Samuel ; Stéphanie,"Revue archéologique de Narbonnaise, tome 42, 2009. [online]"
http://data.persee.fr/doc/amime_0758-7708_2009_num_27_1_1889#Web,Découverte et résultats d’analyse de statuaire médiévale et moderne de la cathédrale de Rodez (Aveyron).,Middle Ages ; Moyen Âge,2009,DE BARRAU-AGUDO ; FAU,Caroline ; Laurent,"Archéologie du Midi médiéval. Tome 27, 2009. [online]"
http://data.persee.fr/doc/pica_0752-5656_2009_num_1_1_3156#Web,"Le site du Chemin de Croix, un habitat du haut Moyen Âge aux abords de la villa royale d’Athies (Somme)",frühmittelalterliche ländliche Siedlung ; habitat rural du haut Moyen Âge,2009,HARNAY,Véronique,"Revue archéologique de Picardie, n°1-2, 2009. L'actualité de l'archéologie du haut Moyen-Âge en Picardie. Les apports de l'expérimentation à l'archéologie mérovingienne. Actes des XXIXe journées internationales d’archéologie mérovingiennes. Musée des Temps Barbare, Marle (Aisne) 26-28 septembre 2008. [online]"
http://data.persee.fr/doc/pica_0752-5656_2009_num_1_1_3165#Web,Approche expérimentale pour la compréhension des fours culinaires du haut Moyen âge : bilan critique et perspectives,Frühmittelalter ; haut Moyen âge,2009,BRULEY-CHABOT ; WARMÉ,Gaëlle ; Nicolas,"Revue archéologique de Picardie, n°1-2, 2009. L'actualité de l'archéologie du haut Moyen-Âge en Picardie. Les apports de l'expérimentation à l'archéologie mérovingienne. Actes des XXIXe journées internationales d’archéologie mérovingiennes. Musée des Temps Barbare, Marle (Aisne) 26-28 septembre 2008. [online]"
http://data.persee.fr/doc/pica_0752-5656_2009_num_1_1_3163#Web,Expérimentations de cuisson du plâtre et réflexion sur les fours à plâtre du haut Moyen âge,Frühmittelalter ; Middle Ages ; Mittelalter ; Moyen âge ; early Middle Ages ; haut Moyen âge,2009,LAFARGE,Ivan,"Revue archéologique de Picardie, n°1-2, 2009. L'actualité de l'archéologie du haut Moyen-Âge en Picardie. Les apports de l'expérimentation à l'archéologie mérovingienne. Actes des XXIXe journées internationales d’archéologie mérovingiennes. Musée des Temps Barbare, Marle (Aisne) 26-28 septembre 2008. [online]"
http://data.persee.fr/doc/horma_0984-2616_2009_num_61_1_2818#Web,Les relations entre communautés chrétienne musulmane et juive à Ceuta,Moyen Âge,2009,RIVERA REYES,Veronica,"Horizons Maghrébins - Le droit à la mémoire, N°61, 2009. L’héritage de l’Espagne des trois cultures - Musulmans, juifs et chrétiens. [online]"
http://data.persee.fr/doc/pica_0752-5656_2009_num_1_1_3164#Web,Réduction expérimentale de minerai de fer francilien,Frühmittelalter ; early Middle Ages ; haut Moyen âge,2009,JAGOU,Benjamin,"Revue archéologique de Picardie, n°1-2, 2009. L'actualité de l'archéologie du haut Moyen-Âge en Picardie. Les apports de l'expérimentation à l'archéologie mérovingienne. Actes des XXIXe journées internationales d’archéologie mérovingiennes. Musée des Temps Barbare, Marle (Aisne) 26-28 septembre 2008. [online]"
http://data.persee.fr/doc/ethio_0066-2127_2009_num_24_1_1394#Web,"Barara, the Royal City of 15th and Early 16th Century (Ethiopia). Medieval and Other Early Settlements Between Wechecha Range and Mt Yerer: Results from a Recent Survey",Medieval Towns ; villes médiévales,2009,BRETERNITZ ; PANKHURST,Hartwig ; Richard,"Annales d'Ethiopie. Volume 24, année 2009. [online]"
http://data.persee.fr/doc/horma_0984-2616_2009_num_61_1_2795#Web,Fortune ibéro-médiévale d'une épigramme arabe,Espagne médiévale,2009,GIRÓN-NAGRÓN,Luis,"Horizons Maghrébins - Le droit à la mémoire, N°61, 2009. L’héritage de l’Espagne des trois cultures - Musulmans, juifs et chrétiens. [online]"
http://data.persee.fr/doc/horma_0984-2616_2009_num_61_1_2794#Web,«De chica centella nace gran fuego» ou comment un énoncé sapientiel bref devient proverbe,Moyen Âge,2009,VAROL,Marie-Christine,"Horizons Maghrébins - Le droit à la mémoire, N°61, 2009. L’héritage de l’Espagne des trois cultures - Musulmans, juifs et chrétiens. [online]"
http://data.persee.fr/doc/horma_0984-2616_2009_num_61_1_2791#Web,"La tolérance médiévale, une leçon pour notre temps",tolérance médiévale,2009,MÁRQUEZ VILLANUEVA,Francisco,"Horizons Maghrébins - Le droit à la mémoire, N°61, 2009. L’héritage de l’Espagne des trois cultures - Musulmans, juifs et chrétiens. [online]"
http://data.persee.fr/doc/amime_0758-7708_2010_num_28_1_1926#Web,"Premiers résultats concernant le site des Jardins de Saint-Benoît (Saint-Laurent-de-la-Cabrerisse, Aude), pôle religieux et funéraire des Corbières",Middle Ages ; Moyen Âge ; early Middle Ages ; haut Moyen Âge,2010,GAILLARD ; KACKI ; PUIG,Arnaud ; Carole ; Sacha,"Archéologie du Midi médiéval. Tome 28, 2010. [online]"
http://data.persee.fr/doc/rbph_0035-0818_2010_num_88_4_7968#Web,"Chroniques, actes faux et droits territoriaux. étude critique sur le passage définitif du territoire basque Guipúzcoa de la Navarre à la Castille, en 1200, et son utilisation politique par les autorités basques",Middeleeuwen ; Middle Ages ; Moyen Âge,2010,BAERTEN,Jean,"Revue belge de philologie et d'histoire, tome 88, fasc. 4, 2010. Histoire médiévale, moderne et contemporaine. [online]"
http://data.persee.fr/doc/amime_1278-3358_2010_sup_6_1_1952#Web,À l’origine de Caunes-Minervois : Buffens,Early Middle-Ages.,2010,BAUDREU ; RANCOULE,Dominique ; Guy,"Archéologie du Midi médiéval. Supplément n°6, 2010. L’abbaye et le village de Caunes-Minervois (Aude). Archéologie et Histoire. [online]"
http://data.persee.fr/doc/amime_0758-7708_2010_num_28_1_1916#Web,L'ensilage groupé et les campagnes du premier Moyen Age dans le Toulousain : quelques réflexions à l'aune de deux fouilles récentes (L'oustalou à Préserville et Clos-Montplaisir à Vieille-Toulouse),premier Moyen Âge,2010,CARME ; HENRY,Rémi ; Yann,"Archéologie du Midi médiéval. Tome 28, 2010. [online]"
http://data.persee.fr/doc/amime_0758-7708_2010_num_28_1_1917#Web,Note sur un type de céramique glaçurée des Xe-XIe siècles en Languedoc,early Middle Ages ; haut Moyen Age,2010,CAZES,Jean-Paul,"Archéologie du Midi médiéval. Tome 28, 2010. [online]"
http://data.persee.fr/doc/amime_1278-3358_2010_sup_6_1_1956#Web,L’intervention archéologique de 2004 dans les galeries nord et est du cloître de l’abbaye de Caunes-Minervois,Middle Ages ; Moyen Âge,2010,GAILLARD,Arnaud,"Archéologie du Midi médiéval. Supplément n°6, 2010. L’abbaye et le village de Caunes-Minervois (Aude). Archéologie et Histoire. [online]"
http://data.persee.fr/doc/amime_0758-7708_2010_num_28_1_1915#Web,Le lac de Saint-Andéol en Aubrac (Lozère) : essai d'interprétation de l'ensemble cultuel,early Middle Ages ; haut Moyen Âge,2010,CANTOURNET ; CRESCENTINI ; DIEULAFAIT ; FAU ; IZAC-IMBERT ; PRADALIÉ ; SAUVAGE-DIEULAFAIT,Christine ; Claude ; David ; Francis ; Gérard ; Laurent ; Lionel,"Archéologie du Midi médiéval. Tome 28, 2010. [online]"
http://data.persee.fr/doc/amime_0758-7708_2010_num_28_1_1924#Web,"Millau, La Granède (Aveyron) : une église paléochrétienne anonyme sur un éperon barré",Early Middle Ages ; haut Moyen Âge,2010,SAINT-PIERRE,Christophe,"Archéologie du Midi médiéval. Tome 28, 2010. [online]"
http://data.persee.fr/doc/amime_0758-7708_2010_num_28_1_1925#Web,"L’église Saint-Martin-de-Castries dépendance de l’abbaye de Gellone sur le Larzac (La Vacquerie-et-Saint-Martin-de-Castries, Hérault)",Late Middle Ages ; bas Moyen Âge ; early Middle Ages ; haut Moyen Âge,2010,BERGERET,Agnès,"Archéologie du Midi médiéval. Tome 28, 2010. [online]"
http://data.persee.fr/doc/amime_0758-7708_2010_num_28_1_1923#Web,"Aux marges de l’ancienne agglomération antique du Camp de César : Saint-Jean-de-Todon alias Saint-Jean-de-Rousigue (Laudun-L’Ardoise, Gard)",cimetière médiéval ; medieval cemetery,2010,ARDAGNA ; BLANCHARD ; PÉLAQUIER ; VIDAL,Delphine ; Elie ; Laurent ; Yann,"Archéologie du Midi médiéval. Tome 28, 2010. [online]"
http://data.persee.fr/doc/amime_1278-3358_2010_sup_6_1_1965#Web,L’abbaye de Caunes-Minervois sous la direction des Mauristes : état des lieux et reconstructions (1663-1791),Middle Ages ; Moyen Âge,2010,DURAND,Geneviève,"Archéologie du Midi médiéval. Supplément n°6, 2010. L’abbaye et le village de Caunes-Minervois (Aude). Archéologie et Histoire. [online]"
http://data.persee.fr/doc/amime_0758-7708_2011_num_29_1_2017#Web,"Un aperçu de Saint-Pons-de-Thomières (Hérault) à la fin du Moyen Âge à partir des sources planimétriques, fiscales et archéologiques",Edad Media ; Middle Ages ; Moyen Âge,2011,RIVALS,Cécile,"Archéologie du Midi médiéval. Tome 29, 2011. [online]"
http://data.persee.fr/doc/rbph_0035-0818_2011_num_89_3_8350#Web,"Militaire organisatie, bewapening en wapenbezit in het laatmiddeleeuwse Brugge",Bas Moyen Âge ; Late Middeleeuwen ; Late Middle Ages,2011,STABEL,Peter,"Revue belge de philologie et d'histoire, tome 89, fasc. 3-4, 2011. [online]"
http://data.persee.fr/doc/ran_0557-7705_2011_num_44_1_1824#Web,Données nouvelles sur l’enceinte du castrum des Arènes de Nîmes,Early Middle Ages ; Haut Moyen Âge,2011,MANNIEZ ; PELLÉ,Richard ; Yves,"Revue archéologique de Narbonnaise, tome 44, 2011. [online]"
http://data.persee.fr/doc/amime_0758-7708_2011_num_29_1_2012#Web,La céramique médiévale du Mas de Vignoles XV à Nîmes (Gard) : contribution à la caractérisation des VIIIe-Xe siècles nîmois,Edad Media ; Middle Ages ; Moyen Âge,2011,MAUFRAS,Odile,"Archéologie du Midi médiéval. Tome 29, 2011. [online]"
http://data.persee.fr/doc/amime_0758-7708_2011_num_29_1_2013#Web,L’enclos ecclésial de La Digne d’Aval (Aude) : nouvelles données archéologiques (XIe-XIXe siècles),Middle Ages ceramic ; cerámica medieval ; céramique médiévale,2011,BAUDREU ; LOPPE,Dominique ; Frédéric,"Archéologie du Midi médiéval. Tome 29, 2011. [online]"
http://data.persee.fr/doc/amime_0758-7708_2011_num_29_1_2011#Web,Autour du Jardin des Vestiges à Marseille (Bouches-du-Rhône) : fragments d’histoire médiévale et moderne,Middle Ages ; Moyen Âge,2011,SCHERRER,Nadine,"Archéologie du Midi médiéval. Tome 29, 2011. [online]"
http://data.persee.fr/doc/amime_0758-7708_2011_num_29_1_2010#Web,De la villa antique à l’établissement alto-médiéval de la Maladrerie à Saillans (Drôme). Permanences et mutations jusqu’au VIIIe siècle.,alta Edad Media ; haut Moyen Âge ; high Middle Ages,2011,LE BRAZIDEC-BERDEAUX ; LE ROY ; MALIGNAS ; ROVIRA,Adrien ; Ludovic ; Marie-Laure ; Núria,"Archéologie du Midi médiéval. Tome 29, 2011. [online]"
http://data.persee.fr/doc/amime_0758-7708_2011_num_29_1_2015#Web,Des forts villageois autour du castrum de Cordes en Albigeois : défense des campagnes et évolution des paysages du XIVe au XVIIe siècle,Edad Media ; Middle Ages ; Moyen Âge,2011,CASSAN,Élodie,"Archéologie du Midi médiéval. Tome 29, 2011. [online]"
http://data.persee.fr/doc/numi_0484-8942_2012_num_6_168_3183#Web,Du plomb au pixel. Transcrire les légendes des monnaies du haut Moyen Âge,early Middle Ages ; haut Moyen Âge,2012,SARAH ; TRÉCOURT-CODINE,Florence ; Guillaume,"Revue numismatique, 6e série - Tome 168, année 2012 [online]"
http://data.persee.fr/doc/numi_0484-8942_2012_num_6_168_3174#Web,Jeux et enjeux de pouvoirs dans les rituels magiques de chasse au trésor au Moyen Âge,Middle Ages ; Moyen Âge,2012,BOUDET,Jean-Patrice,"Revue numismatique, 6e série - Tome 168, année 2012 [online]"
http://data.persee.fr/doc/bspf_0249-7638_2012_num_109_4_14204#Web,"Le site néolithique et protohistorique du Châtelard de Bourg-Saint-Maurice (Savoie). Habitat perché et zone sépulcrale au pied du col du Petit-Saint-Bernard, dans leur contexte alpin",Early Middle Ages ; haut Moyen Âge,2012,DE LARMINAT ; REY ; TREFFORT,Jean-Michel ; Pierre-Jérome ; Solenn,"Bulletin de la Société préhistorique française, tome 109, n°4, 2012. [online]"
http://data.persee.fr/doc/numi_0484-8942_2012_num_6_168_3170#Web,"Tanquam monetam patrie propriam (Clermont, 1282). Une approche des identités monétaires médiévales ?",Middle Ages ; Moyen Âge,2012,BOMPAIRE,Marc,"Revue numismatique, 6e série - Tome 168, année 2012 [online]"
http://data.persee.fr/doc/pica_0752-5656_2013_num_1_1_3588#Web,La céramique carolingienne de La Calotterie (Visemarest),early medieval dwelling ; frühmittelalterliche Siedlung ; habitat haut médiéval,2013,ROUTIER,Jean-Claude,"Revue archéologique de Picardie, n°1-2, 2013. Des productions céramiques de l’époque gallo-romaine à la renaissance. Actes des journées d’étude sur les productions céramiques à Amiens et à Fosses en 2008, 2009 et 2010. [online]"
http://data.persee.fr/doc/pica_0752-5656_2013_num_1_1_3587#Web,La céramique du haut Moyen Âge sur l’autoroute A29,Frühmittelalter ; early Middle Ages ; haut Moyen Âge,2013,HARNAY ; THOUVENOT,Sylvain ; Véronique,"Revue archéologique de Picardie, n°1-2, 2013. Des productions céramiques de l’époque gallo-romaine à la renaissance. Actes des journées d’étude sur les productions céramiques à Amiens et à Fosses en 2008, 2009 et 2010. [online]"
http://data.persee.fr/doc/pica_0752-5656_2013_num_1_1_3596#Web,Les productions céramiques médiévales et modernes en Picardie : état de la recherche et bilan des connaissances,mittelalterlich ; médiévale,2013,MOUNY,Sandrine,"Revue archéologique de Picardie, n°1-2, 2013. Des productions céramiques de l’époque gallo-romaine à la renaissance. Actes des journées d’étude sur les productions céramiques à Amiens et à Fosses en 2008, 2009 et 2010. [online]"
http://data.persee.fr/doc/pica_0752-5656_2013_num_3_1_3601#Web,Prieuré de Saint-Pierre-au-Mont-de-Châtre : résultats préliminaires d’une étude archivistique associée à une campagne de télédétection par laser aéroporté,Middle Ages ; Mittelalter ; Moyen Âge,2013,HUGONNIER ; RASSAT,Louis ; Sylvain,"Revue archéologique de Picardie, n°3-4, 2013. [online]"
http://data.persee.fr/doc/pica_0752-5656_2013_num_1_1_3594#Web,"Étude céramique médiévale (XIVe-XVIe siècle) en contexte urbain : la fouille de la rue du Palais Rihour, Lille (Nord)",Middle Ages ; Mittelalter ; Moyen Âge,2013,VINCENT,Vaina,"Revue archéologique de Picardie, n°1-2, 2013. Des productions céramiques de l’époque gallo-romaine à la renaissance. Actes des journées d’étude sur les productions céramiques à Amiens et à Fosses en 2008, 2009 et 2010. [online]"
http://data.persee.fr/doc/pica_0752-5656_2013_num_1_1_3592#Web,La production médiévale mosane en Belgique : état de la question,Mittelalter ; medieval ceramics ; médiévale,2013,CHALLE ; DE LONGUEVILLE,Sophie ; Sylvie,"Revue archéologique de Picardie, n°1-2, 2013. Des productions céramiques de l’époque gallo-romaine à la renaissance. Actes des journées d’étude sur les productions céramiques à Amiens et à Fosses en 2008, 2009 et 2010. [online]"
http://data.persee.fr/doc/pica_0752-5656_2013_num_1_1_3590#Web,Un atelier de potiers médiéval au coeur de la ville de Noyon (Oise),céramiques médiévales ; medieval ceramics ; mittelalterliche Keramik,2013,MOUNY,Sandrine,"Revue archéologique de Picardie, n°1-2, 2013. Des productions céramiques de l’époque gallo-romaine à la renaissance. Actes des journées d’étude sur les productions céramiques à Amiens et à Fosses en 2008, 2009 et 2010. [online]"
http://data.persee.fr/doc/numi_0484-8942_2013_num_6_170_3210#Web,"Les « grands deniers » de Tours, un exemple local de l’apparition du monnayage d’argent mérovingien",Early Middle Ages ; haut Moyen Âge,2013,SARAH ; SCHIESSER,Guillaume ; Philippe,"Revue numismatique, 6e série - Tome 170, année 2013 [online]"
http://data.persee.fr/doc/pica_0752-5656_2013_num_3_1_3598#Web,"Le mobilier métallique de la structure 39 de Glisy, ZAC Jules Verne, Les Champs Tortus",Early Middle Ages ; Frühmittelalter ; haut Moyen Âge,2013,GAPENNE ; LEGROS,Amandine ; Vincent,"Revue archéologique de Picardie, n°3-4, 2013. [online]"
http://data.persee.fr/doc/rbph_0035-0818_2013_num_91_2_8416#Web,Les domaines mosans de l’abbaye de Lobbes au IXe siècle : structure et organisation interne de villae fonctionnant sans corvée,Early Middle Ages ; Haut Moyen Âge ; vroege Middeleeuwen,2013,VERDOOT,Jérôme,"Revue belge de philologie et d'histoire, tome 91, fasc. 2, 2013. Histoire médiévale, moderne et contemporaine Middeleeuwse, moderne en hedendaagse geschiedenis. [online]"
http://data.persee.fr/doc/pica_0752-5656_2013_num_3_1_3600#Web,Campagnes micro-topographiques à La Calotterie (62) : des échantillonnages extensifs non destructifs au sein d’un port du haut Moyen Âge : Quentovic,Early Middle Ages ; Frühmittelalter ; haut Moyen Âge,2013,RASSAT ; WIRTZ,Bruno ; Sylvain,"Revue archéologique de Picardie, n°3-4, 2013. [online]"
http://data.persee.fr/doc/pharm_0035-2349_2013_num_100_377_22619#Web,Approche du patrimoine hospitalier en Bourgogne à travers une tradition charitable du XIII e siècle,architecture médiévale,2013,POURCELOT ; POURCELOT-ROUBEAU,Alain ; Yvette,"Revue d'histoire de la pharmacie, 100e année, N. 377, 2013. [online]"
http://data.persee.fr/doc/numi_0484-8942_2014_num_6_171_3265#Web,Le mythe du mancus et les origines de l’économie européenne,Early Middle Ages ; haut Moyen Âge,2014,PRIGENT,Vivien,"Revue numismatique, 6e série - Tome 171, année 2014 [online]"
http://data.persee.fr/doc/ethio_0066-2127_2014_num_29_1_1559#Web,Evolution and Organisation of the Ç̌äwa Military Regiments in Medieval Ethiopia,Middle-Ages ; Moyen-Âge,2014,AYENACHEW,Derese,"Annales d'Ethiopie. Volume 29, année 2014. [online]"
http://data.persee.fr/doc/hel_0750-8069_2014_num_36_1_3472#Web,Il manoscritto Ambrosiano B 36 inf. testimone del Liber glossarum,chroniques médiévales ; cronache medievali,2014,VENUTI,Martina,"Histoire Épistémologie Langage, tome 36, fascicule 1, 2014. [online]"
http://data.persee.fr/doc/ethio_0066-2127_2015_num_30_1_1588#Web,Le cimetière médiéval de Qedemt (Lālibalā) : données préliminaires issues des campagnes 2010 et 2012 / The Medieval Cemetery at Qedemt (Lālibalā): Preliminary Results of the 2010 and 2012 Excavation Campaigns,Moyen Âge ; medieval period,2015,BELAY ; BERNARD ; BOSC-TIESSÉ ; DERAT ; GLEIZE ; GOUJON ; MENSAN ; ROUZIC ; SÈVE ; ZIEGLER,Anne-Lise ; Claire ; Gachaw ; Laure ; Marie-Laure ; Mikael ; Romain ; Régis ; Stéphanie ; Yves,"Annales d'Ethiopie. Volume 30, année 2015. [online]"
http://data.persee.fr/doc/rbph_0035-0818_2015_num_93_3_8809#Web,La période carolingienne au travers des recherches archéologiques en Belgique du XIXe siècle à nos jours,Early Middle Ages ; premier Moyen Âge ; vroege middeleeuwen,2015,CHANTINNE ; MIGNOT,Frédéric ; Philippe,"Revue belge de philologie et d'histoire, tome 93, fasc. 3-4, 2015. Histoire médiévale moderne et contemporaine - Middeleeuwse moderne en hedendaagse geschiedenis. [online]"
http://data.persee.fr/doc/numi_0484-8942_2015_num_6_172_3297#Web,"Vue de Douai au quotidien, la monnaie sous les premiers Valois",medieval coins names,2015,DUMAS-DUBOURG ; MESTAYER,Françoise ; Monique,"Revue numismatique, 6e série - Tome 172, année 2015 [online]"
http://data.persee.fr/doc/ran_0557-7705_2015_num_48_1_1911#Web,Note complémentaire sur l’enceinte du castrum des Arènes de Nîmes,Early Middle Ages ; Haut Moyen Age,2015,PELLÉ,Richard,"Revue archéologique de Narbonnaise, tome 48, 2015. [online]"
http://data.persee.fr/doc/rbph_0035-0818_2016_num_94_4_8910#Web,L’intégration du port de Metz et de son arrière-pays au trafic fluvial mosello-rhénan à la fin du Moyen Âge,Middle Ages ; Moyen Âge ; middeleeuwen,2016,FERBER,Frédéric,"Revue belge de philologie et d'histoire, tome 94, fasc. 4, 2016. Histoire médiévale, moderne et contemporaine – Meddeleeuwse, Moderne en Hedendaagse Geschiedenis. [online]"
